nr,tf,bar_start_dk,bar_start_et,close,atr,vwap,vwap_dist_atr,z,adx,cmf,rvol,rsi,stoch_k,wt1,wt2,wt_diff,macd_line,macd_hist,dot_type
1,1h,2024-06-28 15:00:00+02:00,2024-06-28 09:00:00-04:00,5562.0,7.675895281808957,5559.263740507861,0.35647431233505517,1.0356228555440778,16.91730419936061,0.2993554350186022,4.709852773580482,59.24217529143662,32.986277480428306,33.51419076068087,47.35262028757929,-13.838429526898423,6.016054529499343,-0.43032909943094566,alm_roed
2,1h,2024-09-17 19:00:00+02:00,2024-09-17 13:00:00-04:00,5635.75,13.370911479328024,5649.623231199751,-1.0375680985697626,-0.3163910742031873,30.157263471667907,-0.14983227390729886,2.9974485124461316,46.0434278675043,24.591920107148287,19.955161531484126,44.69123933532546,-24.736077803841336,4.290572666886874,-2.0685320943715215,ingen
3,1h,2024-12-06 14:00:00+01:00,2024-12-06 08:00:00-05:00,6094.75,6.6389732086392295,6086.691524264184,1.2138135646230923,0.6953699358491157,19.022466565108886,-0.012263800655798072,1.9829103361088498,59.12237943486034,65.11544781336788,-10.672146610119857,-29.865314056225213,19.193167446105356,-1.0381121537193394,0.3523339909943066,ingen
4,1h,2025-02-28 18:00:00+01:00,2025-02-28 12:00:00-05:00,5860.5,22.799694749047788,5887.1018574834525,-1.1667637561052646,-1.1474161301207708,44.77465872603796,0.15820202415420465,3.0058422755780887,34.752574700276455,64.4895384515804,-11.196274289913719,-3.461122788483433,-7.735151501430286,-14.533798434166783,2.9653961224662986,udvandet_roed
5,1h,2025-05-20 21:00:00+02:00,2025-05-20 15:00:00-04:00,5959.5,15.470844642849013,5958.529022227835,0.06276178156913989,-0.6406550626846468,18.440914197757806,0.03425395282236051,4.077984432646249,50.25359472857978,25.0184706697401,-55.95820345818672,-42.84998507431742,-13.1082183838693,0.5545369139563263,-2.6205351569576814,ingen
6,1h,2025-08-11 14:00:00+02:00,2025-08-11 08:00:00-04:00,6417.75,9.037982586615684,6420.588953545112,-0.3141136329822779,0.5154659909734521,10.616715641204323,0.14382946832768462,0.5414696290962466,54.4780161016856,28.248856336225128,18.539509912436948,18.597742041909957,-0.0582321294730086,6.810923232785171,-1.646267308175009,udvandet_roed
7,1h,2025-10-28 20:00:00+01:00,2025-10-28 15:00:00-04:00,6925.5,9.960634649125652,6919.490110048803,0.6033641593032762,1.4826534399609308,53.11858393259852,-0.07997305039162743,3.194614597275805,64.91211117349964,68.33950739344523,84.73402112409454,83.09582161871629,1.6381995053782532,10.799088658656729,0.48932773581161015,ingen
8,1h,2026-01-20 20:00:00+01:00,2026-01-20 14:00:00-05:00,6834.75,20.728997660719486,6875.606132035101,-1.9709651524791982,-2.520548775608006,41.29326974719349,-0.08147232644088664,1.9569056441428314,31.235052824351314,47.29010357179572,-51.06335711805956,-35.3480655683943,-15.71529154966526,-16.005370569007937,-1.7815341863127419,ingen
9,1h,2026-04-10 19:00:00+02:00,2026-04-10 13:00:00-04:00,6856.75,14.809901085243093,6864.589600699606,-0.529348619851206,0.09251393690175298,25.191361101481736,-0.0003840996796952374,2.1894103026217437,52.23034306358939,0.6584073825430351,2.7961173900005853,21.11493342864567,-18.318816038645085,7.46546658025909,-2.9118452966677317,ingen
10,1h,2026-06-30 21:00:00+02:00,2026-06-30 15:00:00-04:00,7544.75,17.73046515224935,7528.300788012054,0.927737193959584,1.5608038275421967,21.731056719584316,0.03235599958671437,3.329749014748969,64.38042847508314,79.49968320368643,77.67743641647158,80.36599641455538,-2.6885599980838037,19.804167650293493,2.502028637469021,kraftig_roed
1,15m,2024-06-28 16:00:00+02:00,2024-06-28 10:00:00-04:00,5584.0,6.000779337259809,5563.3703438176235,3.4378294922933796,4.076702841290527,24.86492868889248,0.5041658018586501,8.082196170930091,72.90731384741409,68.83203891066864,-5.787811824094202,-32.181885357884546,26.394073533790344,1.2991455251876687,0.8196582189709105,ingen
2,15m,2024-09-17 20:30:00+02:00,2024-09-17 14:30:00-04:00,5636.5,10.339862441765233,5650.054826371267,-1.3109290812724834,-1.1518383161248358,36.844244646715985,-0.042459093890912215,0.536308232620597,42.29986588680207,49.27445884308762,-46.48372005578041,-52.08830234098722,5.60458228520681,-6.246336183564381,-1.5704364555330654,ingen
3,15m,2024-12-06 15:00:00+01:00,2024-12-06 09:00:00-05:00,6099.0,4.367075644604382,6087.518272543956,2.6291569898107046,3.253563093402485,21.91308476721873,0.2579197768756116,2.1574036388851203,71.9034889991233,98.70325534235492,59.12022517183963,42.71801080649194,16.40221436534769,2.1391405244894486,1.6996146580700238,ingen
4,15m,2025-02-28 19:00:00+01:00,2025-02-28 13:00:00-05:00,5864.75,14.955461912348651,5886.967494588568,-1.4855772906768756,-2.402414663130309,18.136588252181784,0.16333182062467544,0.8181806819460083,38.64143924053902,5.063107491895846,-47.45606344134035,-30.69064961278799,-16.765413828552358,-3.8487315451584436,-3.8970748817731358,ingen
5,15m,2025-05-20 21:45:00+02:00,2025-05-20 15:45:00-04:00,5959.5,9.580000983931093,5957.8722129149055,0.1699151271304509,0.13570367393435026,26.431835811709664,0.16194228189594462,2.109094417702113,53.14057619865307,55.73940319417229,-37.19592429789398,-52.72925392505416,15.533329627160178,-4.329167426307322,-0.3402269500346309,ingen
6,15m,2025-08-11 15:15:00+02:00,2025-08-11 09:15:00-04:00,6416.25,3.81203864028338,6420.402677790863,-1.0893587874424795,-0.9231507427471148,13.998608660843168,0.07222163650857698,3.172103046331668,41.331063375256726,2.7697349780811504,-18.152588979623427,-6.201814786492115,-11.950774193131313,-0.4219743867533907,-0.4423024146288415,ingen
7,15m,2025-10-28 21:00:00+01:00,2025-10-28 16:00:00-04:00,6924.0,6.454210538182359,6919.6724311357175,0.6705032069656107,0.11959366700649451,31.143610276624685,0.028576392592220567,0.8500878562816615,48.67592470069297,0.0,18.973692916888915,37.03045987898514,-18.056766962096226,4.404517481978473,-0.8748662970380288,ingen
8,15m,2026-01-20 21:15:00+01:00,2026-01-20 15:15:00-05:00,6830.25,11.387721635023105,6874.041335512697,-3.845487000491451,-1.7547301674232023,32.30840963005344,-0.10922339346209597,1.0896910991963724,28.01760327273746,4.636765056600868,-64.08270463592825,-65.73295040626589,1.6502457703376336,-13.330402688192407,-4.407266119477093,guld
9,15m,2026-04-10 19:45:00+02:00,2026-04-10 13:45:00-04:00,6856.75,9.015996921725764,6865.354171256673,-0.9543227810936368,-1.0847460330423586,29.4862198474516,0.07043100825130924,0.5761645392429975,45.3575323860164,24.485306955644564,-44.80878962695186,-49.219811759836794,4.411022132884938,-3.745007525588335,-1.7870911988006806,udvandet_groen
10,15m,2026-06-30 21:45:00+02:00,2026-06-30 15:45:00-04:00,7544.75,8.414091201923375,7527.79380033823,2.0152146268505335,0.2736699508679635,29.977577720498882,-0.03520574630045275,4.404973975408647,50.60730069862937,11.974225872702133,31.470484848523512,45.29188386841679,-13.821399019893278,8.851910579777723,-1.7002768406727267,alm_roed
1,5m,2024-06-28 16:10:00+02:00,2024-06-28 10:10:00-04:00,5584.0,4.525435187769495,5563.289899906001,4.576377571370518,2.900934874334918,38.897824873946306,0.4572582903520826,1.796791322630186,81.43591128579564,100.0,59.89094046914802,46.76128224687761,13.129658222270407,3.356401669967454,3.160633264628704,ingen
2,5m,2024-09-17 20:40:00+02:00,2024-09-17 14:40:00-04:00,5636.5,6.504348000500357,5650.211560838829,-2.108060767624156,0.1992015660347339,37.324110404369335,0.19511272711328873,0.7814802221466621,47.86727650342013,83.26264560223986,11.867445078896456,8.490335050169195,3.3771100287272606,-1.8780828859316898,1.1246481233149135,udvandet_groen
3,5m,2024-12-06 15:10:00+01:00,2024-12-06 09:10:00-05:00,6099.0,3.521434970561398,6088.142187019379,3.0833489959038016,1.897081967079633,35.40121648862177,0.28635232615004336,0.6686013211653747,70.02477856245898,68.89169039244857,58.640090954211416,57.4451222214389,1.1949687327725158,3.762921314852065,1.0223659538098042,ingen
4,5m,2025-02-28 19:10:00+01:00,2025-02-28 13:10:00-05:00,5864.75,10.792420416790092,5886.718734990212,-2.0355707192461643,-1.775185184523639,31.029798994626788,-0.14916545271432774,0.627072123484972,36.668707359820594,16.441981884785214,-73.34743278648112,-75.49738727424885,2.1499544877677295,-8.648903886510197,-3.3085777861915613,ingen
5,5m,2025-05-20 21:55:00+02:00,2025-05-20 15:55:00-04:00,5959.5,6.898944293367697,5958.00737119408,0.21635611804468885,1.0686267244498238,26.825324335543677,0.08924093945533314,1.5485923594493014,61.02223266967459,94.2002471754012,38.60968065163352,27.4916700343596,11.118010617273917,-0.31653355824164464,2.4778113201726844,ingen
6,5m,2025-08-11 15:25:00+02:00,2025-08-11 09:25:00-04:00,6416.25,2.547677894313167,6420.410358570178,-1.6330002232481498,-1.6371163057091531,28.639470152377104,-0.02679238131742758,3.605839416058394,35.107453709323806,15.422261371393168,-46.27673025644644,-42.83995273530373,-3.4367775211427087,-1.293806760073494,-0.43807927296500204,udvandet_roed
7,5m,2025-10-28 21:10:00+01:00,2025-10-28 16:10:00-04:00,6924.0,3.9136557484206533,6919.650212070548,1.111438565133685,-1.9712728020575094,34.564265986964394,-0.10888409572886576,0.2935445975760007,36.53923488236538,3.85248535471572,-46.609215126472684,-41.262361492808644,-5.34685363366404,-1.4987947270392397,-2.0229292975382944,ingen
8,5m,2026-01-20 21:25:00+01:00,2026-01-20 15:25:00-05:00,6830.25,7.009954292493594,6873.701701899222,-6.198571358125816,-1.0456032596048712,43.39099878534417,-0.15780083042141366,0.9452044982451114,36.123696722839554,91.47962143575946,-51.724299956481296,-52.55476616230277,0.8304662058214731,-7.9519877483671735,0.7613174519855388,udvandet_groen
9,5m,2026-04-10 19:55:00+02:00,2026-04-10 13:55:00-04:00,6856.75,4.80267218461504,6865.191785418638,-1.7577267600483373,0.06053384106506873,29.109267885612145,0.15357510131765548,0.5007791770205955,50.13525170369497,98.1846390518706,11.793143260165133,-2.4800365761718512,14.273179836336984,-2.290511149742997,1.195372847645468,ingen
10,5m,2026-06-30 21:55:00+02:00,2026-06-30 15:55:00-04:00,7544.75,5.4084333380843255,7527.6262795003,3.1661147377227126,-2.6708569519369623,29.96412980296755,-0.34808624451644427,9.913210487217118,34.86686748465766,12.883220953247623,-23.09030367433301,-7.375168754813011,-15.71513491952,0.3992027154263269,-1.5899119156256483,ingen
1,3m,2024-06-28 16:12:00+02:00,2024-06-28 10:12:00-04:00,5584.0,3.9757475608743196,5563.256742085989,5.217448441180611,2.5206356515554598,37.23963245574487,0.44066541100811607,1.2395499488578248,81.05238953633682,100.0,80.50618443171308,79.10067614937077,1.4055082823423106,5.653681284786217,3.080137101998626,ingen
2,3m,2024-09-17 20:42:00+02:00,2024-09-17 14:42:00-04:00,5636.5,4.622490626837701,5650.343269376992,-2.994764185484617,0.3907063744862271,24.541743157110634,0.27021469246294966,0.6100926473487088,50.609975572359275,35.871640678945525,7.857002983182824,3.3971147942435533,4.459888188939271,0.052001762875079294,0.13579775426895005,ingen
3,3m,2024-12-06 15:12:00+01:00,2024-12-06 09:12:00-05:00,6099.0,2.87096940288078,6088.328038925085,3.717197774454392,1.4042279221037959,27.572633101411753,0.16502815276596697,0.48093007694881235,65.71119138275577,39.12509253684377,51.036436284384195,48.09153886211055,2.944897422273641,3.294023640051819,0.26081227736926094,ingen
4,3m,2025-02-28 19:12:00+01:00,2025-02-28 13:12:00-05:00,5864.75,8.180050364087322,5886.745940131119,-2.688973680123922,-1.4183791938468768,40.35930643429424,-0.09586526575200975,0.5325431103775707,37.944843948435754,45.04357386606413,-63.34313928826392,-66.66068787962426,3.3175485913603424,-8.91407087150128,-1.4111394362793401,ingen
5,3m,2025-05-20 21:57:00+02:00,2025-05-20 15:57:00-04:00,5959.5,5.201563954155219,5957.991599750809,0.2899897535598468,2.2574732518852283,28.213783014174943,0.25804681867579,1.8801286218832916,66.83601785949642,100.0,62.132280492473484,54.53184734624865,7.600433146224837,2.485138991058193,1.849925488640485,ingen
6,3m,2025-08-11 15:27:00+02:00,2025-08-11 09:27:00-04:00,6416.25,2.2877622386986403,6420.34579006762,-1.7903040789545324,-1.0524282287439222,40.811076407670946,-0.07820743330453007,3.464673207703888,41.87407077947438,69.25056626440737,-33.45168432176438,-26.168057060656462,-7.28362726110792,-1.2101054398399356,0.08178575430654766,ingen
7,3m,2025-10-28 21:12:00+01:00,2025-10-28 16:12:00-04:00,6924.0,3.435611801163435,6919.612569493496,1.2770448934358576,-1.5645759254911211,34.84441368887977,-0.17199114448512634,0.26724325964702644,35.40625900149797,9.66816464546516,-52.66683801419359,-53.31336320190682,0.6465251877132303,-3.1306379693514828,-1.0668647537801812,kraftig_groen
8,3m,2026-01-20 21:27:00+01:00,2026-01-20 15:27:00-05:00,6830.25,5.348485550131277,6873.669102555535,-8.118018109718733,-0.9713339440210768,35.57622032244293,-0.012898192342218109,1.1196295175054616,40.620954892262006,83.12353561353412,-48.63843054523245,-57.9655639994124,9.32713345417995,-4.1102879257541645,0.5446701077592548,alm_groen
9,3m,2026-04-10 19:57:00+02:00,2026-04-10 13:57:00-04:00,6856.75,3.5351747031153846,6865.202172294819,-2.390878246376569,1.3870245097470968,21.360539235634295,0.15864838358290742,0.5015848186720454,56.05668134212297,100.0,50.13937168664373,45.14399539418085,4.995376292462879,-0.06774797916659736,1.1059773909531352,ingen
10,3m,2026-06-30 21:57:00+02:00,2026-06-30 15:57:00-04:00,7544.75,4.8790997770657745,7527.834290681909,3.466973435879187,-3.310067532408465,24.686166939236337,-0.3143334617156516,10.244893644510741,32.97113839739218,31.519406834464395,-32.885290662539944,-27.22607988589134,-5.659210776648603,-1.1163327456206389,-1.2478266513621659,udvandet_roed
1,2m,2024-06-28 16:12:00+02:00,2024-06-28 10:12:00-04:00,5583.0,3.3517721262014786,5562.95385097359,5.980761302269001,2.0917036376104994,38.34092145456555,0.3627436038106404,1.060100782498259,82.02376967736481,100.0,83.53591149899208,85.66592383696126,-2.130012337969177,6.334598766783529,2.2209341695246083,ingen
2,2m,2024-09-17 20:42:00+02:00,2024-09-17 14:42:00-04:00,5637.5,3.573787423233213,5650.327263811506,-3.589263236004401,0.4261650526006488,19.755930421783702,0.12063646345792424,0.8657193939964242,53.85037519759795,56.77034093155445,4.435030238676097,-6.622454711238189,11.057484949914286,0.22988182561493886,-0.12010885099378754,ingen
3,2m,2024-12-06 15:12:00+01:00,2024-12-06 09:12:00-05:00,6098.5,2.3408586501680424,6088.2323704306555,4.38626636794471,1.0084862903157585,32.499267886155934,0.025420640344512475,0.4415367322823299,64.44468321869024,79.93389930327804,53.2076628948753,48.906551222031304,4.301111672843994,2.436705494817943,-0.060690910395084785,ingen
4,2m,2025-02-28 19:12:00+01:00,2025-02-28 13:12:00-05:00,5861.75,6.289321926465291,5886.768237201782,-3.9778910181883975,-1.2697228840374295,42.13804226621482,-0.18836833833352315,0.5004657401542532,34.060084749033265,59.32284347331194,-55.31008763861712,-56.95291181717528,1.6428241785581577,-7.892738851855029,-0.2642898019494533,ingen
5,2m,2025-05-20 21:58:00+02:00,2025-05-20 15:58:00-04:00,5959.5,4.402252161282372,5958.021089598252,0.3359440458125359,1.806527945969321,20.25763951372181,0.261612756355269,2.6243302319283517,69.89791521805599,95.05014887898955,70.85495466180133,64.4467203249657,6.408234336835633,3.362949920552637,0.9440525336911616,ingen
6,2m,2025-08-11 15:28:00+02:00,2025-08-11 09:28:00-04:00,6416.25,1.8726421782205496,6420.3478056031345,-2.1882480544298932,-1.250343456057575,41.1452676970695,-0.1295387281669555,3.964552916394276,41.80077282723513,47.314864098221584,-32.053621694738155,-19.946901011862316,-12.106720682875839,-0.8255579575525189,0.10089555862940403,ingen
7,2m,2025-10-28 21:12:00+01:00,2025-10-28 16:12:00-04:00,6923.5,2.7673549195915905,6919.553757389536,1.4259980107814045,-1.363121155798257,43.80565278137878,-0.10204970915193104,0.19846767795185144,31.23251595886458,15.962966585783924,-56.77177140476734,-58.760907820903164,1.9891364161358212,-3.354138236700237,-0.5111594486741864,ingen
8,2m,2026-01-20 21:28:00+01:00,2026-01-20 15:28:00-05:00,6830.25,4.491324050627707,6873.638065515102,-9.660417512968923,-0.6600718587118288,18.378913803720646,-0.1613096829918471,1.3674276240275476,45.716283885713175,74.56908795664323,-34.079329618846224,-45.9112423743159,11.831912755469673,-2.1177172933157635,0.2738412833565387,ingen
9,2m,2026-04-10 19:58:00+02:00,2026-04-10 13:58:00-04:00,6856.75,2.685269832028329,6865.247276387289,-3.164403176894452,1.826317067895789,18.881467606107545,0.14656348511377365,0.6034983005885767,59.55864629132576,90.31562057755013,61.57918893519186,62.19134401501203,-0.6121550798201696,1.0133314207687363,0.7625239252974509,kraftig_roed
10,2m,2026-06-30 21:58:00+02:00,2026-06-30 15:58:00-04:00,7544.75,4.351350271200202,7527.863648508572,3.8807152812293926,-3.4051065926979063,21.403259901633227,-0.3976651292194653,10.67133402304389,30.154928826032716,66.66666666666642,-17.66982956043087,-10.068327357263923,-7.601502203166946,-1.3070468489249834,-0.587874142691952,udvandet_roed
