Symbol,Exchange,MarketCap,Price,AvgVol90d,Sector
ABM,NYSE,2586347759,44.15,573211.5444444445,Commercial services
ACRS,NASDAQ,628486565,4.5,1666724.4333333333,Health technology
ACVA,NYSE,1131310056.0000002,6.48,3475983.855555556,Technology services
ADTN,NASDAQ,1229551187,15.18,2302950.2444444443,Electronic technology
AIP,NASDAQ,2036646146.0000002,44.11,771801.3,Electronic technology
ALNT,NASDAQ,1629115597,95.85,213542.43333333332,Producer manufacturing
ALRM,NASDAQ,2195060715,44.38,499948.97777777776,Technology services
AMRZ,NYSE,30593934648.999992,55.35,3223902.855555556,Non-energy minerals
ANF,NYSE,3876222223.9999995,87.24,1388541.5222222223,Retail trade
ARCO,NYSE,1781426643,8.55,1274222.8666666667,Consumer services
ARDX,NASDAQ,1494527847,6.05,3770230.1222222224,Health technology
ARKO,NASDAQ,840271035,7.49,893169.0111111111,Retail trade
ARQT,NASDAQ,3278435119,26.21,1575787.1666666667,Health technology
ASC,NYSE,696500580,17.07,711880.3222222222,Transportation
ASST,NASDAQ,1177349746,14.85,4116139.0666666687,Miscellaneous
ATRC,NASDAQ,1458459849.0000002,28.8,802616.9777777778,Health technology
AUR,NASDAQ,12316355720,6.28,24825911.777777776,Technology services
AXIA,NYSE,22755537073.5566,9.98,2448521.155555556,Utilities
AZTA,NASDAQ,1074423236.0000002,23.31,1076728.0777777778,Health services
B,NYSE,67590011945.812195,40.34,13674555.644444445,Non-energy minerals
BAC,NYSE,398828382074,56.2,39504621.733333334,Finance
BAH,NYSE,7958822719,66.36,1963903.9888888889,Commercial services
BBOT,NASDAQ,605609682.0000001,7.56,357560.76666666666,Health technology
BCAX,NASDAQ,1526300755.0000002,23.23,566340.9222222222,Health technology
BCH,NYSE,20386440523.871784,40.21,403239.52222222224,Finance
BF.A,NYSE,12224143142,26.64,233983.38888888888,Consumer non-durables
BHP,NYSE,231578013371.45282,87.87,3252092.033333333,Non-energy minerals
BHVN,NYSE,2043112580,13.57,2431887.7666666666,Health technology
BIOA,NASDAQ,923283345,20.77,486141.4,Health technology
BIRK,NYSE,8479908857,46.11,2557705.433333333,Consumer non-durables
BLDP,NASDAQ,1317449340.7540455,4.37,6550517.544444445,Producer manufacturing
BLFS,NASDAQ,1272247112,26.04,520914.8222222222,Health technology
BORR,NYSE,1298498366,4.22,8240778.955555555,Industrial services
BROS,NYSE,11653498191,70.72,4522933.888888889,Consumer services
BRSP,NYSE,721740452,5.54,980443.1333333333,Finance
BSTZ,NYSE,2137257177.9999998,31.09,209478.75555555554,Miscellaneous
BTDR,NASDAQ,4362613797,17.93,9175497.344444444,Technology services
BUR,NYSE,992384000,4.53,3458682.888888889,Finance
BVS,NASDAQ,727587971,8.71,507962.84444444446,Health technology
BWA,NYSE,14735456859,71.84,3246818.7555555557,Producer manufacturing
BXP,NYSE,10318186418,64.7,2236544.9111111113,Finance
CAG,NYSE,6315370478,13.2,14986305.722222222,Consumer non-durables
CBC,NASDAQ,6768654989,28.23,672898.4555555555,Finance
CBL,NYSE,1466781551.0000002,47.4,204006.3777777778,Finance
CCEP,NASDAQ,42961084124,96.93,1923195.3444444444,Consumer non-durables
CCS,NYSE,1819658615.9999998,63.25,301878.36666666664,Consumer durables
CG,NASDAQ,16126854021.999998,44.8,3361767.7333333334,Finance
CIFR,NASDAQ,11936055616,29.18,26115744.055555556,Technology services
CLDT,NYSE,623661046,13.36,363848.86666666664,Finance
CLFD,NASDAQ,549693682,40.45,228396.01111111112,Electronic technology
CLSK,NASDAQ,4423932413.000001,17.24,21356005.166666668,Technology services
CLX,NYSE,11584265562,95.8,2629187,Consumer non-durables
CMPS,NASDAQ,1690588850,12.53,4237905.4,Health technology
CNK,NYSE,3942754510,33.76,2270810.922222222,Consumer services
CNO,NYSE,4744904584,50.83,707469.4555555555,Finance
COGT,NASDAQ,5901780746.000001,34.54,2083135.4333333333,Health technology
COMP,NYSE,7580328020,10.01,15566540.655555556,Finance
CORT,NASDAQ,8578466191,79.91,1486942.1555555556,Health technology
CRI,NYSE,1567603999,42.54,1150409.9444444445,Retail trade
CRMD,NASDAQ,680177884,8.67,1356475.2333333334,Health technology
CRON,NASDAQ,1012624043.2285715,2.71,1387975,Health technology
CRTO,NASDAQ,873711571,17.44,393831.4111111111,Commercial services
CRVS,NASDAQ,1001516931.9999999,11.91,1417614.0777777778,Health technology
CSIQ,NASDAQ,1103378174,16.27,2712821.144444444,Electronic technology
CSTL,NASDAQ,640568576,21.12,393252.9111111111,Health technology
CSTM,NYSE,4629115356.000001,34,2382359.277777778,Non-energy minerals
CSWC,NASDAQ,1427993901,22.98,651911.4333333333,Miscellaneous
CUBE,NYSE,9196921002,40.62,2329779.4111111113,Finance
CWEN,NYSE,7681124972,37.42,1080557.6666666667,Utilities
CWH,NYSE,799169737,7.76,3179466.577777778,Retail trade
CXM,NYSE,1180555311.0000002,5.04,3832453.3777777776,Technology services
CZR,NASDAQ,5951926063,29.22,6718631.822222223,Consumer services
DBD,NYSE,2902205387,83.81,402131.5777777778,Electronic technology
DD,NYSE,19557346073,47.71,3987516.6777777723,Process industries
DEO,NYSE,44895475361.26401,80.45,1692673.4333333333,Consumer non-durables
DLB,NYSE,4950319547,52.33,762266.7222222222,Technology services
DNA,NYSE,599025589,9.17,1227310.5000000016,Health services
DOO,NASDAQ,4352280100.831909,59.52,402853.0111111111,Producer manufacturing
DRTS,NASDAQ,860735186.0000001,9.78,578598.5555555555,Health technology
EBC,NASDAQ,4761547885,20.6,2590645.3333333335,Finance
EMN,NYSE,8289228380,72.49,1395656.4444444445,Process industries
ENVX,NASDAQ,1544526354.9999998,7.08,6412485.244444445,Producer manufacturing
EQR,NYSE,24012711273,64.09,2872518.311111111,Finance
EVH,NYSE,505039985.00000006,4.49,2948824.566666667,Commercial services
EZPW,NASDAQ,1951921190.9999998,31.72,845304.9666666667,Finance
FDP,NYSE,1305502219,27.44,378742.7888888889,Process industries
FHI,NYSE,4484160567.000001,59.07,800461.2777777778,Finance
FIGS,NYSE,2056351740.0000002,12.31,3673663.2444444443,Consumer non-durables
FISV,NASDAQ,25521538121,47.86,7329558.2,Commercial services
FIVN,NASDAQ,1484958577.0000002,19.395,3042125.9555555554,Technology services
FWONK,NASDAQ,22573142921,90.76,2072994.111111111,Technology services
GCMG,NASDAQ,2434690422,12.05,577851.8222222222,Finance
GEF,NYSE,3560309650.0000005,68.91,222660.8,Process industries
GIS,NYSE,17835625174,33.42,9424690.166666666,Consumer non-durables
GLBE,NASDAQ,5564255869,32.84,1680022.0111111111,Retail trade
GLIBK,NASDAQ,818048085.9999999,20.42,637088.7555555556,Technology services
GLOB,NYSE,1327339480,30.74,1624022.6222222222,Technology services
GNK,NYSE,1031904540.0000001,23.68,422497.2111111111,Transportation
GPGI,NYSE,4179802134,14.42,3799140.933333333,Commercial services
GSM,NASDAQ,730624647,3.91,1357712.588888889,Non-energy minerals
HAYW,NYSE,3254444733,15,2418427.422222222,Consumer durables
HG,NYSE,3114653176,31.38,514228.13333333336,Finance
IAG,NYSE,9756639750.58016,16.88,7165017.122222222,Non-energy minerals
ICL,NYSE,6634292320,5.14,1611421.7333333334,Process industries
IMAX,NYSE,2431730009,44.33,1110345.9,Consumer durables
INDB,NASDAQ,3910415610.9999995,81.05,336374.9555555555,Finance
INDI,NASDAQ,964340880,4.25,5574409.066666666,Electronic technology
INN,NYSE,803987506,6.63,1475491.6888888888,Finance
IR,NYSE,30489055651.999996,77.91,3890230.9777777777,Producer manufacturing
ITGR,NYSE,3088532361.9999995,90.96,708415.6222222223,Health technology
JJSF,NASDAQ,1398629804,74.58,257144.36666666667,Consumer non-durables
KDP,NASDAQ,41850808939,30.76,11520898.666666653,Consumer non-durables
KIM,NYSE,16441623526.999998,24.38,5482012.433333334,Finance
KKR/PD,NYSE,87102654353,41.19,363796.26666666666,Finance
KMX,NYSE,7610100054,53.66,3499688.2555555557,Retail trade
KNTK,NYSE,7777951667.999999,46.53,1235301.7777777778,Industrial services
KRG,NYSE,5667587200,27.91,1983210.411111111,Finance
KTOS,NASDAQ,10165458433,54.21,4384906.844444444,Electronic technology
LGN,NASDAQ,9244805843,85.57,1489512.1222222222,Industrial services
LWLG,NASDAQ,1506898646,9.78,6734573.144444444,Process industries
LXU,NYSE,818664039,11.38,1382407.911111111,Process industries
MANU,NYSE,3857233776.0000005,22.37,373038.35555555555,Consumer services
MBLY,NASDAQ,7124894746.000001,8.46,6184586.588888889,Technology services
MBUU,NASDAQ,535109697.00000006,27.25,331712.4666666667,Consumer durables
MEOH,NASDAQ,4114231736.512787,53.18,1290053.8777777778,Process industries
MHD,NYSE,2049231000.0000002,11.73,423661.9666666667,Miscellaneous
MLKN,NASDAQ,1128183094,16.5,807146.2555555556,Producer manufacturing
MLYS,NASDAQ,2171343234,24.63,1428486.088888889,Health technology
MNR,NYSE,2076681473.0000002,12.45,638662.8222222222,Energy minerals
MRTN,NASDAQ,1374776943,16.85,815556.0777777778,Transportation
MT,NYSE,47606860594.91628,63.41,2007508.611111111,Non-energy minerals
MTG,NYSE,5511436190.000001,26.06,1994122.5,Finance
NCLH,NYSE,9384211465,20.44,23173670.122222222,Consumer services
NKE,NYSE,66936105624.00001,45.2,21054293.033333335,Consumer non-durables
NMFC,NASDAQ,676279116.0000001,7.16,974077.4,Miscellaneous
NN,NASDAQ,2480423527.9999995,18.18,2199025.2555555557,Technology services
NTNX,NASDAQ,12678031656,46.9,4352057.911111111,Technology services
NXE,NYSE,7049069485.970746,10.65,7096593.977777778,Non-energy minerals
OLPX,NASDAQ,1377839827,2.05,4680374.088888889,Distribution services
OMC,NYSE,20335191583,71.35,4938575.411111111,Commercial services
OPLN,NYSE,4033368221,38.07,964200.4444444403,Technology services
OTEX,NASDAQ,5020684015.483407,20.69,2384491.777777778,Technology services
OTIS,NYSE,28114874754,73.27,3875457.611111111,Industrial services
OXM,NYSE,543336608,36.39,375262.52222222224,Consumer non-durables
OXY,NYSE,51541970088.00001,51.82,15211734.133333333,Energy minerals
PDFS,NASDAQ,2691686409.9999995,65.36,592916.9777777778,Technology services
PFS,NYSE,2960726952,22.72,953263.6777777778,Finance
PL,NYSE,10061242918,28.23,13442846.622222222,Technology services
PLGO,NYSE,1961295663,22.94,450542.2444444444,Finance
PMT,NYSE,893824211,10.25,1082123.1444444444,Finance
POR,NYSE,5807331986.999999,50.18,1386034.3111111112,Utilities
POWI,NASDAQ,4853768011,87.11,1100930.0111111111,Electronic technology
PRA,NYSE,1272130452.0000002,24.65,848415.1,Finance
PRGS,NASDAQ,1248893141.9999998,29.68,962508.0666666667,Technology services
PZZA,NASDAQ,1199936552,36.47,1284284.7444444445,Consumer services
RARE,NASDAQ,2702544450,27.44,1939324.9333333333,Health technology
ROOT,NASDAQ,822809134,51.99,322268.31111111067,Finance
SATA,NASDAQ,1177349746,97.71,310404.02222222224,Miscellaneous
SD,NYSE,517594003.00000006,14.02,387631.6,Energy minerals
SFBS,NYSE,4398170666,80.46,296072.94444444444,Finance
SGML,NASDAQ,1520650623.6939719,13.65,3709226.311111111,Non-energy minerals
SHEL,NYSE,217114780205.5985,78.81,7575751.633333334,Energy minerals
SHG,NYSE,30156264140.625,66.65,296172.52222222224,Finance
SKYW,NASDAQ,3673731825,92.63,380602.3222222222,Transportation
SLDB,NASDAQ,820085226,8.33,1453668.611111111,Health technology
SLM,NASDAQ,4343061880,23.03,3594750.1888888995,Finance
SMFG,NYSE,159110109003.375,25.23,2222628.4777777777,Finance
SNY,NASDAQ,101330154968.78387,42.38,3417664.2333333334,Health technology
SO,NYSE,104940459689.00002,93.09,5993401.722222222,Utilities
SOUN,NASDAQ,3081319719,7.12,27465169.466666665,Technology services
SSNC,NASDAQ,15755361812,65.42,2649618.3,Technology services
SSYS,NASDAQ,768659051.9999999,8.92,978807.4,Electronic technology
STRA,NASDAQ,1703430357,75.33,302887.27777777775,Consumer services
STVN,NYSE,4788485089,17.54,536283.8888888889,Health technology
SW,NYSE,23109100643.000004,44.2,5940453.322222223,Process industries
TBBK,NASDAQ,2338606282.0000005,56.17,489229.36666666664,Finance
TCBI,NASDAQ,4326479674,99.07,477071.2888888889,Finance
TFIN,NYSE,1715716678,72.07,252804.92222222223,Finance
TIMB,NYSE,9886506128.870798,20.72,399461.72222222225,Communications
TMHC,NYSE,6584736508,71.58,2179921.3666666667,Consumer durables
TPG,NASDAQ,16160333590.000002,42.05,3255850.488888889,Finance
TRMK,NASDAQ,2617909590.0000005,44.67,405348.5777777778,Finance
TRN,NYSE,2740554709,34.47,700437.6666666666,Producer manufacturing
TSLX,NYSE,1578275613,16.61,978522.8888888889,Miscellaneous
TTD,NASDAQ,8701712614,18.51,20854642.37777778,Technology services
TV,NYSE,1441332556.25,2.99,1326846.388888889,Communications
UDR,NYSE,12203832238.000002,37.56,4203839.644444444,Finance
URGN,NASDAQ,1635587413,33.57,813830.6222222223,Health technology
VIA,NYSE,1243013806,15.29,799431.9222222222,Technology services
VICI,NYSE,28094113112,26.28,8748463.322222222,Finance
WD,NYSE,1783851283,51.96,361553.4555555555,Finance
WEN,NASDAQ,1295268365,6.8,9999698.677777778,Consumer services
WIW,NYSE,515781120,8.43,248545.16666666666,Miscellaneous
WMB,NYSE,89425638397.99998,73.12,6597019.911111111,Industrial services
WRBY,NYSE,3185687300.0000005,25.96,3216972.577777778,Retail trade
WTRG,NYSE,10409330035,36.7,2345954.966666667,Utilities
WWW,NYSE,1443015936.9999998,17.6,1163466.1444444444,Consumer non-durables
XEL,NASDAQ,48324711425,77.41,5191099.8,Utilities
YSS,NYSE,3994589208,30.8,2013131.6555555556,Electronic technology
ZG,NASDAQ,7362922797.999999,32.49,1249235.7777777778,Technology services
