ugedag,Time (DK),dk_hour,n,range_med,abs_move_med,vol_med,net_med,bias,vurdering
Mandag,00:00-01:00,0,106,17.875,5.0,21490.0,1.125,LONG,🟢
Mandag,01:00-02:00,1,106,10.125,4.25,12803.5,0.875,LONG,🟡
Mandag,02:00-03:00,2,106,9.5,4.75,11709.0,0.5,neutral,🟡
Mandag,03:00-04:00,3,106,8.125,2.625,9908.5,0.375,neutral,🔴
Mandag,04:00-05:00,4,106,6.375,2.25,7968.0,-0.75,SHORT,🔴
Mandag,05:00-06:00,5,106,5.5,2.25,5647.0,0.5,neutral,🔴
Mandag,06:00-07:00,6,106,5.875,2.5,5493.0,0.375,neutral,🔴
Mandag,07:00-08:00,7,106,6.375,2.625,5969.0,0.125,neutral,🔴
Mandag,08:00-09:00,8,106,9.125,4.25,9530.0,0.875,LONG,🟡
Mandag,09:00-10:00,9,106,12.75,6.125,14166.0,2.5,LONG,🟡
Mandag,10:00-11:00,10,106,10.625,4.625,11492.0,1.125,LONG,🟡
Mandag,11:00-12:00,11,106,8.5,3.375,9093.5,0.125,neutral,🔴
Mandag,12:00-13:00,12,106,7.75,3.25,10142.0,1.0,LONG,🔴
Mandag,13:00-14:00,13,106,9.875,4.5,14540.5,1.625,LONG,🟡
Mandag,14:00-15:00,14,106,11.5,4.75,20143.0,2.25,LONG,🟡
Mandag,15:00-16:00,15,106,25.375,9.625,131426.0,2.125,LONG,🟢
Mandag,16:00-17:00,16,106,23.0,10.25,159597.0,2.375,LONG,🟢
Mandag,17:00-18:00,17,106,16.875,6.0,102256.5,1.75,LONG,🟢
Mandag,18:00-19:00,18,106,15.375,5.5,77322.0,1.0,LONG,🟢
Mandag,19:00-20:00,19,98,14.75,5.375,73230.5,1.125,LONG,🟢
Mandag,20:00-21:00,20,98,14.0,6.25,71705.5,0.0,neutral,🟡
Mandag,21:00-22:00,21,98,16.75,7.125,96924.5,1.75,LONG,🟢
Mandag,22:00-23:00,22,90,8.625,3.5,22775.5,-0.5,neutral,🔴
Mandag,23:00-00:00,23,8,9.75,6.25,6372.0,-3.25,SHORT,⚪
Tirsdag,00:00-01:00,0,106,9.5,4.375,9934.5,-1.5,SHORT,🟡
Tirsdag,01:00-02:00,1,106,7.5,2.625,8232.0,-0.5,neutral,🔴
Tirsdag,02:00-03:00,2,106,9.25,3.875,10259.5,-1.0,SHORT,🟡
Tirsdag,03:00-04:00,3,106,8.25,3.125,8486.5,0.5,neutral,🔴
Tirsdag,04:00-05:00,4,106,7.0,3.0,6584.0,-0.25,neutral,🔴
Tirsdag,05:00-06:00,5,106,6.0,2.75,5157.0,-0.125,neutral,🔴
Tirsdag,06:00-07:00,6,106,5.75,3.0,4401.5,-0.5,neutral,🔴
Tirsdag,07:00-08:00,7,106,7.0,3.25,6048.0,0.0,neutral,🔴
Tirsdag,08:00-09:00,8,106,8.5,3.625,7289.0,1.125,LONG,🔴
Tirsdag,09:00-10:00,9,106,12.875,4.875,13645.0,0.0,neutral,🟡
Tirsdag,10:00-11:00,10,106,10.25,4.5,11417.0,-0.125,neutral,🟡
Tirsdag,11:00-12:00,11,106,9.0,3.375,9143.0,-0.125,neutral,🟡
Tirsdag,12:00-13:00,12,106,9.0,3.5,10961.5,0.625,LONG,🟡
Tirsdag,13:00-14:00,13,106,10.625,3.375,15302.0,-0.25,neutral,🟡
Tirsdag,14:00-15:00,14,106,13.625,5.0,25785.0,-0.5,neutral,🟡
Tirsdag,15:00-16:00,15,106,22.0,10.25,129478.0,1.0,LONG,🟢
Tirsdag,16:00-17:00,16,106,25.75,12.25,172282.5,-2.0,SHORT,🟢
Tirsdag,17:00-18:00,17,106,18.25,7.0,118670.0,0.75,LONG,🟢
Tirsdag,18:00-19:00,18,106,17.625,7.625,91059.5,1.75,LONG,🟢
Tirsdag,19:00-20:00,19,105,16.25,6.5,82016.0,2.0,LONG,🟢
Tirsdag,20:00-21:00,20,105,15.5,6.5,75825.0,0.0,neutral,🟢
Tirsdag,21:00-22:00,21,105,17.0,6.75,101258.0,0.25,neutral,🟢
Tirsdag,22:00-23:00,22,97,8.75,3.0,24062.0,-1.0,SHORT,🔴
Tirsdag,23:00-00:00,23,8,11.75,5.5,7973.5,0.375,neutral,⚪
Onsdag,00:00-01:00,0,104,8.5,3.0,9289.0,0.25,neutral,🔴
Onsdag,01:00-02:00,1,104,8.25,3.625,8452.5,0.375,neutral,🔴
Onsdag,02:00-03:00,2,103,8.0,4.0,9011.0,0.25,neutral,🔴
Onsdag,03:00-04:00,3,103,7.0,3.25,7511.0,0.25,neutral,🔴
Onsdag,04:00-05:00,4,103,5.75,2.5,5661.0,-0.5,neutral,🔴
Onsdag,05:00-06:00,5,103,5.5,2.0,4711.0,0.25,neutral,🔴
Onsdag,06:00-07:00,6,103,5.25,2.25,4452.0,0.5,neutral,🔴
Onsdag,07:00-08:00,7,103,6.75,2.75,6058.0,0.5,neutral,🔴
Onsdag,08:00-09:00,8,103,7.75,2.25,7469.0,0.5,neutral,🔴
Onsdag,09:00-10:00,9,103,9.75,4.0,11474.0,1.0,LONG,🟡
Onsdag,10:00-11:00,10,103,10.0,3.25,11098.0,0.75,LONG,🟡
Onsdag,11:00-12:00,11,103,9.0,3.0,8279.0,1.0,LONG,🟡
Onsdag,12:00-13:00,12,103,9.5,3.25,10038.0,0.5,neutral,🟡
Onsdag,13:00-14:00,13,103,9.75,3.75,14761.0,-0.5,neutral,🟡
Onsdag,14:00-15:00,14,103,15.25,6.75,28704.0,-0.25,neutral,🟢
Onsdag,15:00-16:00,15,103,22.75,9.25,137792.0,-1.0,SHORT,🟢
Onsdag,16:00-17:00,16,103,23.25,11.25,181569.0,1.5,LONG,🟢
Onsdag,17:00-18:00,17,103,19.5,10.0,121884.0,-0.75,SHORT,🟢
Onsdag,18:00-19:00,18,103,15.75,5.75,89153.0,-1.5,SHORT,🟢
Onsdag,19:00-20:00,19,101,16.5,5.5,81963.0,0.25,neutral,🟢
Onsdag,20:00-21:00,20,101,18.5,8.75,85360.0,2.0,LONG,🟢
Onsdag,21:00-22:00,21,101,20.0,8.5,107126.0,-0.25,neutral,🟢
Onsdag,22:00-23:00,22,93,11.25,4.5,25205.0,0.75,LONG,🟡
Onsdag,23:00-00:00,23,8,16.625,9.875,18101.0,-3.625,SHORT,⚪
Torsdag,00:00-01:00,0,103,10.75,3.75,10408.0,0.25,neutral,🟡
Torsdag,01:00-02:00,1,103,8.75,3.0,8822.0,0.75,LONG,🔴
Torsdag,02:00-03:00,2,103,10.25,5.25,11247.0,2.0,LONG,🟡
Torsdag,03:00-04:00,3,103,7.5,3.25,7850.0,0.25,neutral,🔴
Torsdag,04:00-05:00,4,103,7.25,2.75,6450.0,0.0,neutral,🔴
Torsdag,05:00-06:00,5,103,6.0,2.5,5366.0,0.5,neutral,🔴
Torsdag,06:00-07:00,6,103,6.25,2.5,5150.0,0.25,neutral,🔴
Torsdag,07:00-08:00,7,103,7.75,3.0,6515.0,0.5,neutral,🔴
Torsdag,08:00-09:00,8,103,9.5,4.25,9543.0,0.5,neutral,🟡
Torsdag,09:00-10:00,9,103,12.25,5.25,14009.0,1.5,LONG,🟡
Torsdag,10:00-11:00,10,103,11.75,6.0,11842.0,0.0,neutral,🟡
Torsdag,11:00-12:00,11,103,8.25,3.0,9076.0,0.25,neutral,🔴
Torsdag,12:00-13:00,12,103,9.5,4.5,11390.0,0.0,neutral,🟡
Torsdag,13:00-14:00,13,103,10.75,4.75,15955.0,0.5,neutral,🟡
Torsdag,14:00-15:00,14,103,18.0,6.5,30827.0,1.25,LONG,🟢
Torsdag,15:00-16:00,15,103,27.75,11.0,148593.0,-1.25,SHORT,🟢
Torsdag,16:00-17:00,16,102,29.375,12.875,195354.0,2.25,LONG,🟢
Torsdag,17:00-18:00,17,102,22.375,10.125,141238.5,1.125,LONG,🟢
Torsdag,18:00-19:00,18,102,19.75,7.75,98624.0,-0.875,SHORT,🟢
Torsdag,19:00-20:00,19,97,20.5,8.75,94684.0,2.75,LONG,🟢
Torsdag,20:00-21:00,20,97,20.5,6.75,96454.0,1.0,LONG,🟢
Torsdag,21:00-22:00,21,97,20.0,7.75,104224.0,1.75,LONG,🟢
Torsdag,22:00-23:00,22,89,10.75,3.75,25794.0,-0.75,SHORT,🟡
Torsdag,23:00-00:00,23,8,12.125,5.5,13433.0,5.5,LONG,⚪
Fredag,00:00-01:00,0,103,9.5,3.75,9151.0,1.5,LONG,🟡
Fredag,01:00-02:00,1,103,8.25,2.75,7729.0,0.5,neutral,🔴
Fredag,02:00-03:00,2,104,9.0,3.375,9556.5,0.375,neutral,🟡
Fredag,03:00-04:00,3,104,7.625,3.25,7832.0,0.5,neutral,🔴
Fredag,04:00-05:00,4,104,6.5,2.75,5698.5,-0.25,neutral,🔴
Fredag,05:00-06:00,5,104,5.875,2.25,4918.0,0.25,neutral,🔴
Fredag,06:00-07:00,6,105,5.75,2.25,4317.0,0.25,neutral,🔴
Fredag,07:00-08:00,7,105,7.5,3.25,5664.0,0.0,neutral,🔴
Fredag,08:00-09:00,8,105,9.0,4.0,8136.0,-1.5,SHORT,🟡
Fredag,09:00-10:00,9,105,11.0,5.25,11771.0,-0.5,neutral,🟡
Fredag,10:00-11:00,10,105,9.75,4.5,10525.0,0.25,neutral,🟡
Fredag,11:00-12:00,11,105,8.75,2.75,8948.0,0.5,neutral,🔴
Fredag,12:00-13:00,12,105,9.0,2.75,9224.0,0.75,LONG,🟡
Fredag,13:00-14:00,13,105,10.0,4.0,12690.0,1.5,LONG,🟡
Fredag,14:00-15:00,14,105,18.0,6.75,31728.0,0.0,neutral,🟢
Fredag,15:00-16:00,15,104,24.25,12.25,136433.5,2.625,LONG,🟢
Fredag,16:00-17:00,16,104,27.875,11.5,185919.5,0.125,neutral,🟢
Fredag,17:00-18:00,17,104,20.375,7.125,127752.5,0.0,neutral,🟢
Fredag,18:00-19:00,18,104,17.25,7.0,99543.5,0.0,neutral,🟢
Fredag,19:00-20:00,19,100,17.5,6.875,85504.0,1.0,LONG,🟢
Fredag,20:00-21:00,20,100,16.625,5.25,84516.5,-0.625,SHORT,🟢
Fredag,21:00-22:00,21,100,16.75,6.5,108843.5,-1.0,SHORT,🟢
Fredag,22:00-23:00,22,92,8.0,2.75,23568.5,-0.75,SHORT,🔴
Soendag,23:00-00:00,23,8,31.5,23.0,37114.5,0.0,neutral,⚪
